Modelo,MAE,RMSE,MAPE (%)
Random Forest,2.1912328722309136,2.1912328722309136,43.81963190655141
XGBoost,0.13700171499912184,0.13700171499912184,2.7397200899581717
