id,vehicle_gps_latitude,vehicle_gps_longitude,fuel_consumption_rate,eta_variation_hours,traffic_congestion_level,warehouse_inventory_level,loading_unloading_time,handling_equipment_efficiency,congestion_x_inventory
2021,40.375568475194925,-77.0143177425258,5.136511864928786,4.998009219330594,5.927585801443973,985.7168615251978,4.951391966582936,0.4812936738722113,5842.921272620678
2022,31.734752648705843,-82.97968021384301,5.000573434537011,4.934312109988378,3.643143494077472,4.569700310686958,0.5959220923554714,0.0782492176797375,16.648073956762993
2023,37.33395884898723,-103.26007208283356,8.372988552801125,-1.8587809999862737,9.30491995782911,464.29582925315617,3.857274793087641,0.6273551551892047,4320.23552795451
2024,46.71631484897397,-70.43979168249732,11.995387441802093,4.999999540596142,0.2148980168288854,986.5900283756,3.765540259140352,0.9184963877142476,212.01624052107022
