scenario,mean,std,reduction_percent
ideal,6.531549999999999,0.08133573953221625,0.0
otimizado,7.7261500000000005,0.2401124052849358,-18.289686215370033
realista,8.705549999999999,0.29643410615671306,-33.28459554010916
